ID,bicycle,bus,car,e_scooter,light_rail,other,regional_train,train,walk
1,0.0,0.0,2.88,0.0,0.0,0.0,0.0,0.0,0.0
2,0.0,0.0,17.3,0.0,0.0,0.0,0.0,0.0,0.13
3,0.0,0.0,19.47,0.0,0.0,0.0,0.0,0.0,0.12000000000000001
4,0.0,0.0,21.25,0.0,0.0,0.0,0.0,0.0,0.15
5,0.0,0.0,21.21,0.0,0.0,0.0,0.0,0.0,0.13999999999999999
6,0.0,0.0,20.47,0.0,0.0,0.0,0.0,0.0,0.12000000000000001
7,0.0,0.0,0.0,0.0,0.0,0.0,0.0,0.0,0.32000000000000006
8,0.0,0.0,0.0,0.0,0.0,0.0,0.0,0.0,0.5900000000000001
9,0.0,0.0,9.72,0.0,0.0,0.0,0.0,0.0,0.0
10,0.0,0.0,7.73,0.0,0.0,0.0,0.0,0.0,0.23
11,0.0,0.0,14.09,0.0,0.0,0.0,0.0,0.0,0.21000000000000002
12,0.0,0.08,25.840000000000003,0.0,0.0,0.0,0.0,0.0,0.18
13,0.0,0.0,16.669999999999998,0.0,0.0,0.0,0.0,0.0,0.26
14,0.59,0.0,0.0,0.0,0.0,0.0,0.0,0.0,0.29000000000000004
15,0.0,0.0,31.200000000000003,0.0,0.0,0.0,0.0,0.0,0.11
16,0.22999999999999998,0.0,0.0,0.0,0.0,0.0,0.0,0.0,0.47000000000000003
17,0.66,0.0,0.0,0.0,0.0,0.0,0.0,0.0,0.11
18,0.0,0.0,19.91,0.0,0.0,0.0,0.0,0.0,0.24000000000000002
19,0.6,0.0,0.0,0.0,0.0,0.0,0.0,0.0,0.17999999999999997
20,0.0,0.0,9.65,0.0,0.0,0.0,0.0,0.0,0.0
21,0.24000000000000002,0.0,15.969999999999999,0.0,0.0,0.0,0.0,0.0,0.15000000000000002
22,0.0,0.0,15.88,0.0,0.0,0.0,0.0,0.0,0.18999999999999997
23,0.33,0.0,0.0,0.0,0.0,0.0,0.0,0.0,0.25
24,0.0,0.0,9.54,0.0,0.0,0.0,0.0,0.0,0.54
25,0.95,0.37,0.49,0.0,0.0,0.0,0.0,0.0,0.29000000000000004
26,0.49,0.0,0.0,0.0,0.0,5.92,0.0,0.0,0.16000000000000003
27,0.48,0.0,0.0,0.0,0.0,0.0,4.91,0.0,0.07
28,1.46,0.0,0.0,0.0,0.0,0.0,0.0,0.0,0.18999999999999997
29,0.0,0.0,10.22,0.0,0.0,0.0,0.0,0.0,0.16999999999999998
30,0.26,0.5,9.79,0.0,0.0,0.0,0.0,0.0,0.6699999999999999
31,1.3099999999999998,0.0,0.0,0.0,0.0,0.0,0.0,0.0,1.1
32,0.0,0.32,10.58,0.0,0.0,0.0,0.0,0.0,0.38
33,5.9,0.0,0.0,0.0,0.0,0.0,0.0,0.0,0.11
34,1.62,0.0,0.0,0.0,0.0,0.0,0.0,0.0,0.2
35,0.5,0.31,0.34,0.0,0.0,0.0,0.0,0.0,0.39
36,0.0,0.0,20.59,0.0,0.0,0.0,0.0,0.0,1.07
37,0.0,0.0,20.13,0.0,0.0,0.0,0.0,0.0,0.0
38,0.97,0.33,0.0,0.0,0.0,0.0,0.0,0.0,0.29000000000000004
39,4.32,0.0,0.0,0.0,0.0,0.0,0.0,0.0,0.07
40,5.05,0.0,0.0,0.0,0.0,0.0,0.0,0.0,0.12000000000000001
41,0.0,0.0,4.05,0.0,0.0,0.0,0.0,0.0,1.08
42,5.55,0.0,0.0,0.0,0.0,0.0,2.66,0.0,0.13
43,0.96,0.0,0.0,0.0,0.0,0.0,0.0,0.0,0.17
44,1.69,0.0,0.0,0.0,0.0,0.0,0.0,0.0,0.5900000000000001
45,0.9,0.0,0.0,0.0,0.0,0.0,0.0,0.0,0.48
46,1.58,0.0,0.0,0.0,0.0,0.0,0.0,0.0,0.27
47,1.03,0.0,0.0,0.0,0.0,0.0,0.0,0.0,1.1400000000000001
48,0.91,0.0,0.0,0.0,0.0,0.0,0.0,0.0,0.18000000000000002
49,0.0,0.33,0.0,0.0,0.0,0.0,0.0,30.98,0.39
50,0.0,0.0,11.93,0.0,0.0,0.0,0.0,0.0,0.09
51,0.0,0.0,8.95,0.0,0.0,0.0,0.0,0.0,0.0
52,0.05,0.0,0.0,0.0,0.0,0.0,0.0,0.0,0.04
53,0.99,0.0,0.0,0.0,0.0,0.0,0.0,0.0,1.09
54,0.0,0.0,9.48,0.0,0.0,0.0,0.0,0.0,0.19999999999999998
55,0.44,0.33,0.0,0.0,0.0,0.0,0.0,0.0,0.9600000000000001
56,0.96,0.0,0.0,0.0,0.0,0.0,0.0,0.0,1.0899999999999999
57,0.0,0.0,3.42,0.0,0.0,0.0,0.0,0.0,0.11
58,0.0,0.0,3.58,0.0,0.0,0.0,0.0,0.0,0.01
59,0.0,0.0,4.390000000000001,0.0,0.0,0.0,0.0,0.0,0.0
60,0.0,0.0,3.56,0.0,0.0,0.0,0.0,0.0,0.0
61,0.0,0.0,4.02,0.0,0.0,0.0,0.0,0.0,0.01
62,0.0,0.0,3.64,0.0,0.0,0.0,0.0,0.0,0.02
63,0.0,0.0,2.52,0.0,0.0,0.0,0.0,0.0,0.11
64,0.0,0.0,2.7,0.0,0.0,0.0,0.0,0.0,0.0
65,0.0,0.0,3.74,0.0,0.0,0.0,0.0,0.0,0.0
66,0.0,0.0,3.54,0.0,0.0,0.0,0.0,0.0,0.0
67,0.0,0.0,6.6899999999999995,0.0,0.0,0.0,0.0,0.0,0.05
68,0.0,0.0,3.92,0.0,0.0,0.0,0.0,0.0,0.07
69,0.0,0.0,3.92,0.0,0.0,0.0,0.0,0.0,0.0
70,0.0,0.0,3.7700000000000005,0.0,0.0,0.0,0.0,0.0,0.03
71,0.0,0.0,4.13,0.0,0.0,0.0,0.0,0.0,0.060000000000000005
72,0.0,0.0,2.66,0.0,0.0,0.0,0.0,0.0,0.060000000000000005
73,0.0,0.0,3.43,0.0,0.0,0.0,0.0,0.0,0.01
74,0.0,0.0,8.17,0.0,0.0,0.0,0.0,0.0,0.02
75,0.0,0.0,3.13,0.0,0.0,0.0,0.0,0.0,0.01
76,0.0,0.0,2.64,0.0,0.0,0.0,0.0,0.0,0.06
77,0.0,0.0,4.1000000000000005,0.0,0.0,0.0,0.0,0.0,0.0
78,0.0,0.0,4.32,0.0,0.0,0.0,0.0,0.0,0.07
79,0.0,0.0,3.64,0.0,0.0,0.0,0.0,0.0,0.12000000000000001
80,0.0,0.0,3.89,0.0,0.0,0.0,0.0,0.0,0.01
81,0.0,0.0,2.5,0.0,0.0,0.0,0.0,0.0,0.18
82,0.0,0.0,2.6,0.0,0.0,0.0,0.0,0.0,0.04
83,0.0,0.0,16.799999999999997,0.0,0.0,0.0,0.0,0.0,0.15
84,0.0,0.0,11.41,0.0,0.0,0.0,0.0,0.0,0.14
85,0.0,0.0,16.78,0.0,0.0,0.0,0.0,0.0,0.12
86,0.0,0.0,18.9,0.0,0.0,0.0,0.0,0.0,0.15
87,0.0,0.0,18.049999999999997,0.0,0.0,0.0,0.0,0.0,0.15
88,0.0,0.0,16.18,0.0,0.0,0.0,0.0,0.0,0.0
89,0.0,0.0,17.41,0.0,0.0,0.0,0.0,0.0,0.15
90,0.0,0.0,16.83,0.0,0.0,0.0,0.0,0.0,0.09
91,0.0,0.0,19.64,0.0,0.0,0.0,0.0,0.0,0.12000000000000001
92,0.0,0.0,20.08,0.0,0.0,0.0,0.0,0.0,0.13
93,0.0,0.0,19.63,0.0,0.0,0.0,0.0,0.0,0.08
94,0.0,0.0,28.95,0.0,0.0,0.0,0.0,0.0,0.2
95,0.0,0.0,17.6,0.0,0.0,0.0,0.0,0.0,0.4
96,0.0,0.0,19.27,0.0,0.0,0.0,0.0,0.0,0.18
97,0.0,0.0,14.559999999999999,0.0,0.0,0.0,0.0,0.0,0.0
98,0.0,0.0,20.240000000000002,0.0,0.0,0.0,0.0,0.0,0.13
99,0.0,0.0,50.33,0.0,0.0,0.0,0.0,0.0,0.08
100,0.0,0.0,20.119999999999997,0.0,0.0,0.0,0.0,0.0,0.12
101,0.0,0.0,20.09,0.0,0.0,0.0,0.0,0.0,0.1
102,0.0,0.0,20.03,0.0,0.0,0.0,0.0,0.0,0.11
103,0.0,0.0,19.97,0.0,0.0,0.0,0.0,0.0,0.15
104,0.0,0.0,3.17,0.0,0.0,0.0,0.0,0.0,0.05
105,0.0,0.0,2.19,0.0,0.0,0.0,0.0,0.0,0.15
106,0.0,0.0,4.09,0.0,0.0,0.0,0.0,0.0,0.2
107,0.0,0.0,4.91,0.0,0.0,0.0,0.0,0.0,0.09000000000000001
108,0.0,0.0,4.0,0.0,0.0,0.0,0.0,0.0,0.13
109,0.0,0.0,5.3100000000000005,0.0,0.0,0.0,0.0,0.0,0.63
110,0.0,0.0,4.29,0.0,0.0,0.0,0.0,0.0,0.23999999999999996
111,0.0,0.0,3.98,0.0,0.0,0.0,0.0,0.0,0.14
112,0.0,0.0,3.5,0.0,0.0,0.0,0.0,0.0,0.1
113,4.77,0.0,0.0,0.0,0.0,0.0,0.0,0.0,0.04
114,0.0,0.0,62.56,0.0,0.0,0.0,0.0,0.0,0.11
115,4.76,0.0,0.0,0.0,0.0,0.0,0.0,0.0,0.1
116,0.0,0.0,4.17,0.0,0.0,0.0,0.0,0.0,0.14
117,0.0,0.0,4.359999999999999,0.0,0.0,0.0,0.0,0.0,0.04
118,0.0,0.0,3.8899999999999997,0.0,0.0,0.0,0.0,0.0,0.29000000000000004
119,0.0,0.0,5.43,0.0,0.0,0.0,0.0,0.0,0.12
120,4.67,0.0,0.0,0.0,0.0,0.0,0.0,0.0,0.14
121,4.56,0.0,0.0,0.0,0.0,0.0,0.0,0.0,0.07999999999999999
122,2.24,0.0,0.0,0.0,0.0,0.0,0.0,0.0,0.0
123,0.0,0.0,11.31,0.0,0.0,0.0,0.0,0.0,0.0
124,0.0,0.42,0.58,0.0,0.0,0.0,11.8,0.0,0.21
125,0.0,0.0,0.0,0.0,0.0,0.0,10.65,0.0,0.4800000000000001
126,0.0,0.0,0.0,0.0,0.0,0.0,9.4,0.0,0.36
127,0.0,0.0,2.79,0.0,0.0,0.0,5.58,0.0,0.19999999999999998
128,0.0,0.0,0.0,0.0,0.0,0.0,10.64,0.0,0.6699999999999999
129,0.0,0.0,12.93,0.0,0.0,0.0,0.0,0.0,0.25
130,0.0,0.0,0.0,0.0,0.0,0.0,12.06,0.0,0.36
131,0.0,0.0,0.0,0.0,0.0,0.0,11.48,0.0,0.6300000000000001
132,0.0,0.0,14.76,0.0,0.0,0.0,0.0,0.0,0.08
133,0.0,0.0,0.0,0.0,0.0,0.0,11.95,0.0,0.39
134,0.0,0.0,19.33,0.0,0.0,0.0,0.0,0.0,0.18000000000000002
135,0.0,0.0,19.880000000000003,0.0,0.0,0.0,0.0,0.0,0.12000000000000001
136,0.0,0.0,20.23,0.0,0.0,0.0,0.0,0.0,0.02
137,0.0,0.0,21.939999999999998,0.0,0.0,0.0,0.0,0.0,0.08
138,0.0,0.0,21.45,0.0,0.0,0.0,0.0,0.0,0.01
139,0.0,0.0,20.97,0.0,0.0,0.0,0.0,0.0,0.0
140,0.0,0.0,21.47,0.0,0.0,0.0,0.0,0.0,0.0
141,0.0,0.0,0.0,0.0,0.0,0.0,16.42,0.0,0.36
142,0.0,0.0,9.42,0.0,0.0,0.0,7.91,0.0,0.21
143,0.0,0.0,42.22,0.0,0.0,0.0,0.0,0.0,0.04
144,0.0,0.0,29.78,0.0,0.0,0.0,0.0,0.0,0.04
145,0.0,0.0,0.0,0.0,0.0,0.0,14.280000000000001,0.0,0.38
146,0.0,0.0,0.11,0.0,0.0,0.0,14.350000000000001,0.0,0.41000000000000003
147,0.0,0.0,19.92,0.0,0.0,0.0,0.0,0.0,0.08
148,0.0,0.0,0.0,0.0,0.0,0.0,0.0,0.0,0.03
149,0.45,0.0,0.0,0.0,0.0,0.0,0.0,0.0,0.09
150,0.0,0.0,18.400000000000002,0.0,0.0,0.0,0.0,0.0,0.0
151,1.43,0.0,0.0,0.0,0.0,0.0,0.0,0.0,0.08
152,0.22,0.0,0.0,0.0,0.0,0.0,0.0,0.0,0.08
153,0.0,0.0,1.62,0.0,0.0,0.0,0.0,0.0,0.08
154,0.0,0.0,0.8400000000000001,0.0,0.0,0.0,0.0,0.0,0.21999999999999997
155,0.0,0.0,0.76,0.0,0.0,0.0,0.0,0.0,0.04
156,0.44,0.0,0.69,0.0,0.0,0.0,0.0,0.0,0.11
157,0.43000000000000005,0.0,0.0,0.0,0.0,0.0,0.0,0.0,0.0
158,0.44,0.0,1.45,0.0,0.0,0.0,0.0,0.0,0.31000000000000005
159,1.47,0.0,0.3,0.0,0.0,0.0,0.0,0.0,0.11
160,0.41000000000000003,0.0,4.58,0.0,0.0,0.0,0.0,0.0,0.02
161,0.0,0.0,18.94,0.0,0.0,0.0,0.0,0.0,0.09
162,0.0,0.0,0.37,0.0,0.0,0.0,0.0,0.0,0.06
163,0.24,0.0,0.24,0.0,0.0,0.0,0.0,0.0,0.05
164,0.0,0.0,3.27,0.0,0.0,0.0,0.0,0.0,0.09
165,0.5,0.0,2.6,0.0,0.0,0.0,0.0,0.0,0.28
166,0.0,0.0,21.14,0.0,0.0,0.0,0.0,0.0,0.0
167,0.0,0.0,0.38,0.0,0.0,0.0,0.0,0.0,0.060000000000000005
168,0.0,0.0,0.0,0.0,0.0,0.0,0.0,0.0,0.03
169,0.0,0.0,0.0,0.0,0.0,0.0,0.0,0.0,0.07
170,0.53,0.0,0.3,0.0,0.0,0.0,0.0,0.0,0.04
171,0.0,0.0,14.63,0.0,0.0,0.0,0.0,0.0,0.0
172,0.41000000000000003,0.0,0.17,0.0,0.0,0.0,0.0,0.0,0.1
173,0.6200000000000001,0.0,1.29,0.0,0.0,0.0,0.0,0.0,0.03
174,0.97,0.0,0.0,0.0,0.0,0.0,0.0,0.0,0.02
175,0.5800000000000001,0.0,1.25,0.0,0.0,0.0,0.0,0.0,0.02
176,0.8400000000000001,0.0,3.2199999999999998,0.0,0.0,0.0,0.0,0.0,0.0
177,0.0,0.0,12.09,0.0,0.0,0.0,0.0,0.0,0.0
178,0.0,0.0,0.0,0.0,0.0,0.0,0.0,0.0,0.01
179,0.0,0.0,0.0,0.0,0.0,0.0,0.0,0.0,0.06
180,0.0,0.0,0.0,0.0,0.0,0.0,0.0,0.0,0.6000000000000001
181,0.0,0.0,0.0,0.0,0.0,0.0,0.0,0.0,0.15
182,0.0,0.0,0.0,0.0,0.0,0.0,0.0,0.0,0.66
183,0.0,0.0,3.42,0.0,0.0,0.0,0.0,0.0,0.02
184,0.0,0.0,1.24,0.0,0.0,0.0,0.0,0.0,0.0
185,0.26,0.0,0.0,0.0,0.0,0.0,0.0,0.0,0.1
186,0.8800000000000001,0.0,0.0,0.0,0.0,0.0,0.0,0.0,0.02
187,0.98,0.0,0.0,0.0,0.0,0.0,0.0,0.0,0.01
188,0.0,0.0,0.0,0.0,0.0,0.0,0.0,0.0,0.11
189,0.0,0.0,0.0,0.0,0.0,0.0,0.0,0.0,0.14
190,0.0,0.0,0.0,0.0,0.0,0.0,0.0,0.0,0.11
191,0.25,0.0,0.0,0.0,0.0,0.0,0.0,0.0,0.0
192,1.3600000000000003,0.0,0.0,0.0,0.0,0.0,0.0,0.0,0.05
193,0.26,0.0,0.0,0.0,0.0,0.0,0.0,0.0,0.0
194,0.06,0.0,0.0,0.0,0.0,0.0,0.0,0.0,0.05
195,1.05,0.0,0.0,0.0,0.0,0.0,0.0,0.0,0.0
196,0.99,0.0,0.0,0.0,0.0,0.0,0.0,0.0,0.0
197,1.02,0.0,0.0,0.0,0.0,0.0,0.0,0.0,0.0
198,0.53,0.0,0.0,0.0,0.0,0.0,0.0,0.0,0.0
199,0.69,0.0,0.0,0.0,0.0,0.0,0.0,0.0,0.0
200,0.51,0.0,0.0,0.0,0.0,0.0,0.0,0.0,0.14
201,0.06,0.0,0.0,0.0,0.0,0.0,0.0,0.0,0.05
202,0.53,0.0,0.0,0.0,0.0,0.0,0.0,0.0,0.060000000000000005
203,0.0,1.6199999999999999,0.0,0.0,0.0,0.0,0.0,0.0,0.28
204,0.0,0.0,0.0,0.0,0.0,0.0,0.0,0.0,0.19
205,0.0,0.53,0.0,0.0,0.0,0.0,11.84,0.0,0.06
206,0.0,0.9099999999999999,0.0,0.0,0.0,0.0,0.0,0.0,0.38999999999999996
207,0.0,0.0,0.0,0.0,0.0,0.0,0.0,0.0,0.27
208,0.0,0.0,0.0,0.0,0.0,0.0,0.0,0.0,0.38
209,0.0,1.0,0.21000000000000002,0.0,0.0,0.0,0.0,0.0,0.39999999999999997
210,0.0,0.0,0.0,0.0,0.0,0.0,0.0,0.0,0.11
211,0.26,0.0,0.0,0.0,0.0,0.0,0.0,0.0,0.26
212,0.24,0.0,0.0,0.0,0.0,0.0,0.0,0.0,0.11
213,0.0,0.0,0.0,0.0,0.0,0.0,0.0,0.0,0.12000000000000001
214,0.0,0.0,0.0,0.0,0.0,0.0,0.0,0.0,0.11
215,0.0,0.0,0.0,0.0,0.0,0.0,0.0,0.0,0.14
216,0.0,0.0,0.0,0.0,0.0,0.0,0.0,0.0,0.27
217,0.0,0.0,0.0,0.0,0.0,0.0,0.0,0.0,0.30000000000000004
218,0.0,0.95,0.0,0.0,0.0,0.0,19.03,0.0,0.28
219,0.0,0.0,2.54,0.0,0.0,0.0,0.0,0.0,0.03
220,0.0,0.0,2.35,0.0,0.0,0.0,0.0,0.0,0.03
221,0.0,0.0,18.6,0.0,0.0,0.0,0.0,0.0,0.0
222,0.0,0.0,0.8300000000000001,0.0,0.0,0.0,0.0,0.0,0.06999999999999999
223,0.0,0.0,17.52,0.0,0.0,0.0,0.0,0.0,0.0
224,0.0,0.0,1.3900000000000001,0.0,0.0,0.0,0.0,0.0,0.05
225,0.0,0.0,0.8,0.0,0.0,0.0,0.0,0.0,0.01
226,0.0,0.0,0.0,0.0,0.0,0.0,0.0,0.0,0.19
227,0.0,0.9,0.0,0.0,0.0,0.0,0.0,0.0,0.28
228,0.0,0.0,0.0,0.18,0.0,0.0,0.0,0.0,0.20000000000000004
229,0.0,0.0,0.0,0.0,0.0,0.0,6.01,0.0,0.27
230,0.38,0.0,1.7,0.0,0.0,0.0,2.08,0.0,0.16999999999999998
231,0.29000000000000004,0.0,0.0,0.0,0.0,0.0,4.17,0.0,0.07999999999999999
232,0.0,0.29,0.0,0.0,0.0,0.0,0.0,0.0,0.05
233,0.0,0.0,0.0,0.0,0.0,0.0,0.0,0.0,0.01
234,0.0,0.0,0.0,0.0,0.0,0.0,0.0,0.0,0.02
235,0.0,0.15,0.0,0.0,0.0,0.0,0.0,0.0,0.26
236,0.12,0.0,0.0,0.0,0.0,0.0,17.259999999999998,0.0,0.03
237,0.0,0.1,0.0,0.0,0.0,0.0,15.71,0.0,0.01
238,0.0,0.0,0.0,0.0,0.0,0.0,0.0,0.0,0.01
239,0.0,0.0,0.0,0.0,0.0,0.0,0.0,0.0,0.08
240,0.0,0.0,0.0,0.0,0.0,0.0,0.0,0.0,0.15
241,0.0,0.15,0.0,0.0,0.0,0.0,0.0,0.0,0.04
242,0.0,0.0,0.0,0.0,0.0,0.0,0.0,0.0,0.22
243,0.0,0.0,1.9500000000000002,0.0,0.0,0.0,0.0,0.0,0.0
244,0.0,0.27,24.2,0.0,0.0,0.0,0.0,0.0,0.1
245,0.0,0.29,0.0,0.0,0.0,0.0,0.0,0.0,0.23
246,0.0,0.14,0.0,0.0,0.0,0.0,0.0,0.0,0.03
247,0.0,0.24000000000000002,0.0,0.0,0.0,0.0,33.73,0.0,0.12
248,0.0,0.0,0.0,0.0,0.93,0.0,0.0,0.0,0.0
249,0.0,0.16,0.0,0.0,0.0,0.0,0.0,0.0,0.1
250,0.0,0.0,7.23,0.0,0.0,0.0,0.0,0.0,0.0
251,0.0,0.16,0.0,0.0,0.0,0.0,0.0,0.0,0.22999999999999998
252,0.0,0.0,0.0,0.0,25.06,0.0,0.0,0.0,0.06
253,0.0,0.0,0.0,0.0,0.0,0.0,0.0,0.0,0.24
254,0.0,0.0,0.0,0.0,0.3,0.0,0.0,0.0,0.09
255,0.0,0.0,0.0,0.0,0.0,0.0,9.309999999999999,0.0,0.27
256,0.0,0.0,1.62,0.0,0.0,0.0,0.0,0.0,0.03
257,0.0,0.0,16.0,0.0,0.0,0.0,0.0,0.0,0.03
258,0.0,0.0,0.0,0.0,0.0,0.0,8.97,0.0,0.4
259,0.0,0.0,0.0,0.0,0.0,0.0,8.95,0.0,0.14
260,0.0,0.0,12.46,0.0,0.0,0.0,0.0,0.0,0.21
261,0.06,0.4,0.0,0.0,0.0,0.0,0.0,0.0,0.55
262,0.0,0.0,0.0,0.0,0.0,0.0,0.0,0.0,0.31
263,0.0,1.04,0.0,0.0,0.0,0.0,0.0,0.0,0.4600000000000001
264,0.0,0.0,0.0,0.0,0.0,0.0,0.0,0.0,0.23
265,0.0,0.0,0.0,0.0,0.0,0.0,0.0,0.0,0.06999999999999999
266,0.0,0.0,0.0,0.0,0.0,0.0,0.0,0.0,0.32
267,0.0,0.0,0.0,0.0,0.0,0.0,0.0,0.0,0.15999999999999998
268,0.0,0.0,0.0,0.0,0.0,0.0,0.0,0.0,0.21
269,0.0,3.42,0.0,0.0,0.0,0.0,6.39,0.0,0.03
270,0.0,0.0,0.0,0.0,0.0,0.0,12.809999999999999,0.0,0.59
271,0.0,6.42,0.0,0.0,0.0,0.0,0.0,0.0,0.43
272,0.0,0.0,0.0,0.0,5.99,0.0,0.0,6.13,0.44
273,0.0,3.29,0.0,0.0,0.0,0.0,5.8,0.0,0.66
274,0.0,0.0,9.74,0.0,0.0,0.0,3.38,0.0,0.42000000000000004
275,0.0,0.0,3.02,0.0,0.0,0.0,0.0,0.0,0.16
276,0.0,0.0,3.62,0.0,0.0,0.0,0.0,0.0,0.16
277,0.0,0.0,3.66,0.0,0.0,0.0,0.0,0.0,0.04
278,0.0,0.0,3.62,0.0,0.0,0.0,0.0,0.0,0.1
279,0.0,0.0,3.55,0.0,0.0,0.0,0.0,0.0,0.05
280,0.0,0.0,0.0,0.0,0.0,0.0,12.55,0.0,0.49
281,0.0,0.0,0.0,0.0,0.0,0.0,11.73,0.0,0.5
282,0.0,0.0,0.0,0.0,0.0,0.0,12.26,0.0,0.44
283,0.0,0.0,0.0,0.0,0.0,0.0,10.75,0.0,0.47
284,0.0,8.51,0.0,0.0,0.0,0.0,0.0,0.0,0.47000000000000003
285,0.0,0.0,0.0,0.0,0.0,0.0,12.629999999999999,0.0,0.48
286,0.0,0.0,0.0,0.0,0.0,0.0,6.43,6.12,0.52
287,0.0,0.0,0.0,0.0,0.0,0.0,12.24,0.0,0.5
288,0.0,0.0,0.0,0.0,0.0,0.0,6.49,6.13,0.54
289,0.8200000000000001,0.0,0.0,0.0,0.0,0.0,0.0,0.0,0.03
290,0.42000000000000004,0.0,1.3900000000000001,0.0,0.0,0.0,0.0,0.0,0.05
291,1.02,0.0,7.85,0.0,0.0,0.0,0.0,0.0,0.13
292,0.0,0.0,0.0,0.0,0.0,0.0,0.0,5.13,0.18
293,0.0,0.0,0.0,0.0,0.0,0.0,0.0,0.0,0.66
294,0.91,0.0,0.0,0.0,0.0,0.0,0.0,0.0,0.07
295,0.41000000000000003,0.51,0.0,0.0,0.0,0.0,0.0,0.0,0.95
296,0.98,0.0,0.0,0.0,0.0,0.0,0.0,0.0,0.10999999999999999
297,0.84,0.0,0.0,0.0,0.0,0.0,0.0,0.0,0.11
298,0.49000000000000005,0.0,0.0,0.0,0.0,0.0,0.0,0.0,0.05
299,0.34,0.0,0.0,0.0,0.0,0.0,0.0,0.0,0.15
300,0.0,0.13,0.0,0.0,0.0,0.0,0.0,5.34,0.05
301,0.95,0.13,1.5,0.0,0.49,0.0,5.69,0.0,0.43000000000000005
302,0.0,0.0,0.47,0.0,0.0,0.0,0.0,0.0,0.02
303,0.0,0.0,0.0,0.0,0.0,0.0,3.02,0.0,0.0
304,0.0,0.0,10.27,0.0,0.0,0.0,0.0,0.0,0.06
305,0.0,0.0,23.72,0.0,0.0,0.0,0.0,0.0,0.0
306,0.0,0.0,0.0,0.0,0.0,0.0,6.57,0.0,0.47
307,0.0,0.0,11.31,0.0,0.0,0.0,0.0,0.0,0.02
308,0.0,0.0,0.16,0.0,0.0,0.0,6.92,0.0,0.33999999999999997
309,0.0,0.0,10.190000000000001,0.0,0.0,0.0,0.0,0.0,0.07
310,0.0,0.0,0.83,0.0,0.0,0.0,3.06,0.0,0.22999999999999998
311,0.0,0.0,0.0,0.0,0.0,0.0,6.3100000000000005,0.0,0.27
312,0.0,0.0,0.0,0.0,0.0,0.0,6.51,0.0,0.15
313,0.0,0.0,0.0,0.0,0.0,0.0,6.15,0.0,0.39
314,0.0,0.0,0.0,0.0,0.0,0.0,6.41,0.0,0.4
315,0.0,0.0,0.0,0.0,0.0,0.0,7.3100000000000005,0.0,0.2
316,0.0,0.0,7.92,0.0,0.0,0.0,0.0,0.0,0.4
317,0.0,0.0,10.879999999999999,0.0,0.0,0.0,0.0,0.0,0.10999999999999999
318,0.0,0.0,7.15,0.0,0.0,0.0,0.0,0.0,0.11000000000000001
319,0.0,0.0,3.6,0.0,0.0,0.0,0.0,0.0,0.0
320,0.0,0.0,3.94,0.0,0.0,0.0,0.0,0.0,0.17
321,0.0,0.0,4.08,0.0,0.0,0.0,0.0,0.0,0.73
322,0.0,0.0,0.0,0.0,0.0,0.0,6.15,0.0,0.06
323,0.0,0.49,0.0,0.0,0.0,0.0,0.0,0.0,1.2000000000000002
324,0.0,0.3,22.06,0.0,0.0,0.0,0.0,0.0,0.15
325,0.0,0.0,0.0,0.0,0.0,0.0,0.0,0.0,0.56
326,0.0,0.47,0.0,0.0,0.0,0.0,0.0,0.0,0.8099999999999999
327,0.0,0.0,1.11,0.0,0.0,0.0,12.0,0.0,0.35
328,0.0,0.75,0.0,0.0,0.0,0.0,0.0,0.0,0.8800000000000001
329,0.0,0.32,0.32,0.0,0.0,0.0,0.0,0.0,0.8200000000000001
330,0.0,0.0,0.0,0.0,0.0,0.0,0.0,0.0,0.52
331,0.3,0.0,0.16,0.0,0.0,0.0,0.0,0.0,0.38
332,0.0,0.14,0.0,0.0,0.0,0.0,0.0,0.0,0.54
333,0.27,0.0,0.0,0.0,0.0,0.0,0.0,0.0,0.76
334,0.0,0.0,0.0,0.0,0.0,0.0,0.0,0.0,0.37
335,0.0,0.47,0.0,0.0,0.0,0.0,12.94,0.0,0.21
336,3.68,0.0,0.0,0.0,0.0,0.0,0.0,0.0,0.08999999999999998
337,3.8600000000000003,0.0,0.0,0.0,0.0,0.0,0.0,0.0,0.09
338,3.75,0.0,0.0,0.0,0.0,0.0,0.0,0.0,0.15
339,2.9000000000000004,0.0,0.94,0.0,0.0,0.0,0.0,0.0,0.08
340,3.77,0.0,0.0,0.0,0.0,0.0,0.0,0.0,0.09
341,0.0,0.0,2.87,0.0,0.0,0.0,0.0,0.0,0.21
342,3.7,0.0,0.0,0.0,0.0,0.0,0.0,0.0,0.08
343,3.72,0.0,0.0,0.0,0.0,0.0,0.0,0.0,0.07
344,3.74,0.0,0.0,0.0,0.0,0.0,0.0,0.0,0.11
345,3.7800000000000002,0.0,0.0,0.0,0.0,0.0,0.0,0.0,0.1
346,3.66,0.0,0.0,0.0,0.0,0.0,0.0,0.0,0.08
347,1.88,0.31,0.63,0.0,0.0,0.0,0.0,0.0,0.16
348,3.7699999999999996,0.0,0.0,0.0,0.0,0.0,0.0,0.0,0.1
349,0.0,0.69,0.0,0.0,1.28,0.0,0.0,0.0,0.27
350,0.0,0.0,0.0,0.0,0.0,0.0,9.809999999999999,0.0,0.74
351,0.33,0.0,0.0,0.0,0.0,0.0,0.0,0.0,0.6
352,0.0,0.0,0.15,0.0,0.0,0.0,0.0,0.0,0.68
353,0.0,0.0,0.0,0.0,0.0,0.0,0.0,0.0,0.09000000000000001
354,0.23,1.53,4.45,0.0,0.0,0.0,0.0,0.0,0.3500000000000001
355,0.0,0.0,0.0,0.0,0.0,0.0,0.0,0.0,0.64
356,0.0,0.6,1.66,0.0,0.0,0.0,0.0,0.0,1.32
357,0.0,0.0,17.1,0.0,0.0,0.0,0.0,0.0,0.01
358,0.0,0.0,17.96,0.0,0.0,0.0,0.0,0.0,0.0
359,0.0,0.0,17.979999999999997,0.0,0.0,0.0,0.0,0.0,0.08
360,0.0,0.0,11.29,0.0,0.0,0.0,0.0,0.0,0.05
361,0.0,0.0,0.0,0.0,0.0,0.0,0.0,0.0,0.25
362,0.0,0.0,0.15,0.0,0.0,0.0,0.0,0.0,0.15
363,0.0,0.49,0.42,0.0,0.0,0.0,0.0,0.0,0.25
364,0.0,0.0,0.30000000000000004,0.0,0.0,0.0,0.0,0.0,0.43000000000000005
365,0.0,1.25,0.27,0.0,0.0,0.0,0.0,0.0,0.21000000000000002
366,0.0,2.0700000000000003,1.04,0.0,0.0,0.0,0.0,0.0,0.31000000000000005
367,0.0,0.0,2.3899999999999997,0.0,0.0,0.0,0.0,0.0,0.37
368,0.0,0.0,1.05,0.0,0.0,0.0,0.0,0.0,0.77
369,0.0,0.6,0.97,0.0,0.08,0.0,0.0,0.0,0.26
370,0.0,0.0,0.29000000000000004,0.0,0.0,0.0,0.0,0.0,0.26
371,0.0,0.0,4.1899999999999995,0.0,0.0,0.0,0.0,0.0,0.02
372,0.36,0.62,0.84,0.0,0.0,0.0,0.0,0.0,0.6699999999999999
373,0.0,0.0,1.99,0.0,0.0,0.0,0.0,0.0,0.14
374,1.33,0.0,0.0,0.0,0.0,0.0,0.0,0.0,0.21000000000000002
375,0.0,0.0,2.42,0.0,0.0,0.0,0.0,0.0,0.11
376,0.0,0.0,2.66,0.0,0.0,0.0,0.0,0.0,0.0
377,0.0,0.0,21.37,0.0,0.0,0.0,0.0,0.0,0.0
378,0.0,0.0,0.07,0.0,0.0,0.0,0.0,0.0,0.17
379,0.0,1.27,0.24000000000000002,0.0,0.0,0.0,0.0,0.0,0.38999999999999996
380,0.0,0.0,0.37,0.0,0.0,0.0,0.0,0.0,0.13
381,0.0,0.0,3.71,0.0,0.0,0.0,0.0,0.0,0.25
382,0.0,0.0,0.92,0.0,0.0,0.0,0.0,0.0,0.04
383,0.0,0.0,18.03,0.0,0.0,0.0,0.0,0.0,0.0
384,0.0,0.0,17.08,0.0,0.0,0.0,0.0,0.0,0.0
385,0.0,0.0,0.54,0.0,0.0,0.0,14.57,0.0,0.0
386,0.0,0.45,0.44,0.0,0.0,0.0,0.0,0.0,0.06
387,0.0,0.0,3.2600000000000002,0.0,0.0,0.0,0.0,0.0,0.30000000000000004
388,1.01,0.0,0.93,0.0,0.0,0.0,0.0,0.0,0.23
389,0.78,0.0,0.89,0.0,0.0,0.0,0.0,0.0,0.03
390,0.0,0.0,1.54,0.0,0.0,0.0,0.0,0.0,0.18
391,0.0,0.24,11.71,0.0,0.0,0.0,0.0,0.0,0.07
392,0.9199999999999999,0.0,0.0,0.0,0.0,0.0,0.0,0.0,0.22000000000000003
393,0.0,0.0,0.0,0.0,0.0,0.0,9.04,0.0,0.37
394,0.0,0.0,7.02,0.0,0.0,0.0,0.0,0.0,0.0
395,0.0,0.0,0.5,0.0,0.0,0.0,0.0,0.0,0.0
396,5.31,0.0,2.1,0.0,0.0,0.0,0.0,0.0,0.07
397,0.0,0.0,0.57,0.0,0.0,0.0,3.26,0.0,0.0
398,0.0,0.0,61.910000000000004,0.0,0.0,0.0,0.0,0.0,0.09000000000000001
399,0.0,0.0,0.8,0.0,0.0,0.0,0.0,0.0,0.01
400,0.0,0.0,2.11,0.0,0.0,0.0,0.0,0.0,0.38
401,0.0,0.35,1.3699999999999999,0.0,0.0,0.0,0.0,0.0,0.23
402,0.0,0.0,0.0,0.0,0.0,0.0,0.0,0.0,0.11
403,0.0,0.0,1.7899999999999998,0.0,0.0,0.0,0.0,0.0,0.27999999999999997
404,1.11,0.0,0.0,0.0,0.0,0.0,0.0,0.0,0.17
405,0.0,0.0,14.89,0.0,0.0,0.0,0.0,0.0,0.11000000000000001
406,2.49,0.0,0.0,0.0,0.0,0.0,0.0,0.0,0.08
407,0.47,0.0,1.19,0.0,0.0,0.0,0.0,0.0,0.09
408,0.0,0.0,0.7200000000000001,0.0,0.0,0.0,0.0,0.0,0.43000000000000005
409,0.0,0.0,3.92,0.0,0.0,0.0,0.0,0.0,0.15000000000000002
410,0.8300000000000001,0.0,0.22,0.0,0.0,0.0,0.0,0.0,0.36
411,0.0,0.0,3.0300000000000002,0.0,0.0,0.0,0.0,0.0,0.23
412,0.0,0.0,33.95,0.0,0.0,0.0,0.0,0.0,0.0
413,0.0,0.0,2.8600000000000003,0.0,0.0,0.0,0.0,0.0,0.04
414,0.0,0.0,9.27,0.0,0.0,0.0,0.0,0.0,0.03
415,0.0,0.0,1.02,0.0,0.0,0.0,0.0,0.0,0.01
416,0.0,0.0,16.12,0.0,0.0,0.0,0.0,0.0,0.0
417,0.0,0.0,1.21,0.0,0.0,0.0,0.0,0.0,0.0
418,1.04,0.0,0.0,0.0,0.0,0.0,0.0,0.0,0.05
419,0.0,0.0,1.4,0.0,0.0,0.0,0.0,0.0,0.0
420,0.0,0.0,0.0,0.0,0.0,0.0,10.46,0.0,0.37
421,0.0,0.0,0.0,0.0,0.0,0.0,11.84,0.0,0.36
422,0.71,0.0,0.0,0.0,0.0,0.0,0.0,0.0,0.27999999999999997
423,0.54,0.0,0.0,0.0,0.0,0.0,0.0,0.0,0.37
424,3.31,0.0,0.0,0.0,0.0,0.0,0.0,0.0,0.44000000000000006
425,0.27,0.0,0.0,0.0,0.0,0.0,0.0,0.0,0.35
426,0.53,0.0,0.0,0.0,0.0,0.0,0.0,0.0,0.19
427,0.72,0.0,0.0,0.0,0.0,0.0,0.0,0.0,0.29000000000000004
428,0.53,0.0,0.0,0.0,0.0,0.0,0.0,0.0,0.19
429,0.9900000000000001,0.0,0.0,0.0,0.0,0.0,0.0,0.0,0.7900000000000001
430,0.54,0.0,0.0,0.0,0.0,0.0,0.0,0.0,0.46
431,6.359999999999999,0.0,0.0,0.0,0.0,0.0,0.0,0.0,0.05
432,5.61,0.0,0.0,0.0,0.0,0.0,0.0,0.0,0.0
433,0.6100000000000001,0.0,0.0,0.0,0.0,0.0,0.0,0.0,0.0
434,0.0,0.0,0.0,0.0,0.0,0.0,0.0,0.0,0.08
435,0.24,0.0,0.0,0.0,0.0,0.0,3.23,0.0,0.11
436,4.76,0.0,0.0,0.0,0.0,0.0,0.0,0.0,0.18
437,0.5700000000000001,0.25,0.0,0.0,0.0,0.0,3.07,0.0,0.30000000000000004
438,0.71,0.0,0.0,0.0,0.0,0.0,0.0,0.0,0.31
439,0.0,0.0,8.21,0.0,0.0,0.0,0.0,0.0,0.02
440,0.0,0.0,8.34,0.0,0.0,0.0,0.0,0.0,0.06
441,0.0,0.0,8.3,0.0,0.0,0.0,0.0,0.0,0.03
442,0.0,0.0,8.61,0.0,0.0,0.0,0.0,0.0,0.04
443,0.0,0.0,8.27,0.0,0.0,0.0,0.0,0.0,0.43000000000000005
444,0.0,0.0,8.29,0.0,0.0,0.0,0.0,0.0,0.13
445,0.0,0.0,8.0,0.0,0.0,0.0,0.0,0.0,0.02
446,0.0,0.0,8.21,0.0,0.0,0.0,0.0,0.0,0.14
447,0.0,0.13,2.0100000000000002,0.0,0.0,0.0,0.0,0.0,0.13
448,0.0,0.0,10.17,0.0,0.0,0.0,0.0,0.0,0.0
449,0.0,0.0,3.3,0.0,0.0,0.0,0.0,0.0,0.24
450,0.0,0.0,3.5,0.0,0.0,0.0,0.0,0.0,0.16
451,0.0,0.0,9.48,0.0,0.0,0.0,0.0,0.0,0.02
452,0.0,0.0,6.19,0.0,0.0,0.0,0.0,0.0,0.03
453,0.0,0.0,3.29,0.0,0.0,0.0,0.0,0.0,0.0
454,0.0,0.0,5.83,0.0,0.0,0.0,0.0,0.0,0.1
455,0.0,0.76,2.19,0.0,0.0,0.0,0.0,0.0,0.51
456,0.0,0.0,4.5600000000000005,0.0,0.0,0.0,0.0,0.0,0.04
457,0.0,0.0,1.06,0.0,0.0,0.0,0.0,0.0,0.06
458,0.0,0.0,10.75,0.0,0.0,0.0,0.0,0.0,0.03
459,0.0,0.0,0.0,0.0,0.0,0.0,0.0,0.0,0.27
460,0.0,0.0,0.0,0.0,0.0,0.0,0.0,0.0,0.24000000000000002
461,2.46,0.0,0.0,0.0,0.0,0.0,0.0,0.0,0.26
462,2.63,0.0,0.0,0.0,0.0,0.0,0.0,0.0,0.07
463,2.46,0.0,0.0,0.0,0.0,0.0,0.0,0.0,0.18000000000000002
464,2.5,0.0,0.0,0.0,0.0,0.0,0.0,0.0,0.09
465,2.54,0.0,0.0,0.0,0.0,0.0,0.0,0.0,0.12000000000000001
466,1.17,0.06,0.0,0.0,0.0,0.0,0.0,0.0,0.05
467,2.4299999999999997,0.0,0.0,0.0,0.0,0.0,0.0,0.0,0.18
468,2.37,0.0,0.0,0.0,0.0,0.0,0.0,0.0,0.18
469,0.19,4.05,0.0,0.0,0.0,0.0,5.96,0.0,0.6699999999999999
470,0.0,1.74,0.0,0.0,0.0,0.0,6.09,0.0,0.22999999999999998
471,0.0,0.0,1.69,0.0,0.0,0.0,0.0,0.0,0.18
472,0.0,0.0,1.07,0.0,1.5599999999999998,0.0,0.0,0.0,0.4
473,0.0,0.0,1.54,0.0,1.41,0.0,0.0,0.0,0.36
474,0.0,0.0,0.0,0.0,0.73,0.0,1.8399999999999999,0.0,0.43000000000000005
475,0.0,0.0,0.0,0.0,0.0,0.0,1.28,0.0,0.31000000000000005
476,0.0,0.0,0.0,0.0,1.2,0.0,0.0,0.0,0.25
477,0.0,0.0,0.0,0.0,1.39,0.0,1.34,0.0,0.45999999999999996
478,0.62,0.0,5.66,0.0,1.39,0.0,0.0,0.0,0.21999999999999997
479,0.42,0.0,0.0,0.0,1.16,0.0,1.25,0.0,0.27
480,0.0,0.0,2.67,0.0,1.35,0.0,1.37,0.0,0.22999999999999998
481,0.9299999999999999,0.0,0.0,0.0,2.71,0.0,0.0,0.0,0.11000000000000001
482,0.0,0.0,0.0,0.0,1.94,0.0,0.69,0.0,0.32
483,0.0,0.0,1.9700000000000002,0.0,0.61,0.0,0.0,0.0,0.5
484,0.5800000000000001,0.0,0.0,0.0,2.6500000000000004,0.0,0.0,0.0,0.11
485,0.0,0.0,4.859999999999999,0.0,1.41,0.0,0.0,0.0,0.9200000000000002
486,0.0,0.0,5.34,0.0,0.0,0.0,1.3,0.0,0.14
487,0.0,0.0,3.6100000000000003,0.0,1.36,0.0,0.0,0.0,0.09
488,0.0,0.0,2.61,0.0,1.4,0.0,0.0,0.0,0.23
489,0.0,0.0,1.52,0.0,1.32,0.0,0.0,0.0,0.24000000000000002
490,0.0,0.0,0.72,0.0,0.7,0.0,1.42,0.0,0.3
491,0.0,0.39,0.47,0.0,0.0,0.0,0.0,0.0,0.16
492,0.22,0.0,0.75,0.0,0.0,0.0,0.0,0.0,0.11
493,0.0,0.22,0.0,0.0,0.0,0.0,0.0,0.0,0.35
494,0.0,0.0,0.1,0.0,0.0,0.0,0.0,0.0,0.21000000000000002
495,0.0,0.0,10.35,0.0,0.0,0.0,0.0,0.0,0.04
496,0.0,0.0,4.4399999999999995,0.0,0.0,0.0,0.0,0.0,0.56
497,0.0,0.0,0.0,0.0,0.0,0.0,0.0,11.78,0.48
498,0.0,0.0,24.2,0.0,0.32,0.0,0.0,0.0,0.15000000000000002
499,0.0,0.0,0.0,0.0,0.0,0.0,0.0,0.0,0.87
500,0.0,0.0,0.0,0.0,0.0,0.0,0.0,0.0,0.53
501,0.0,0.0,0.0,0.0,0.0,0.0,0.0,33.88,0.5
502,0.0,0.0,0.0,0.0,0.0,0.0,2.12,0.0,0.14
503,0.0,0.0,0.0,0.0,0.0,0.0,3.1900000000000004,0.0,0.13
504,0.0,0.0,0.0,0.0,0.0,0.0,3.05,0.0,0.15000000000000002
505,0.0,0.0,0.0,0.0,0.14,0.0,2.75,0.0,0.31000000000000005
506,0.0,0.0,0.0,0.0,0.0,0.0,2.61,0.0,0.31
507,0.0,0.0,3.6399999999999997,0.0,0.0,0.0,0.0,0.0,0.03
508,2.13,0.0,0.0,0.0,0.0,0.0,0.0,0.0,0.0
509,0.09,0.0,0.0,0.0,0.0,0.0,0.0,0.0,0.02
510,0.38,0.24,0.0,0.0,0.0,0.0,0.0,0.0,0.04
511,0.0,0.0,0.68,0.0,0.0,0.0,0.0,0.0,0.8400000000000001
512,0.0,0.0,1.65,0.0,0.0,0.0,0.0,0.0,1.31
513,0.0,0.14,4.1,0.0,0.0,0.0,0.0,0.0,0.29000000000000004
514,0.0,0.08,1.96,0.0,0.0,0.0,0.0,0.0,0.13
515,0.0,0.0,4.05,0.0,0.0,0.0,0.0,0.0,0.08
516,0.0,0.0,5.02,0.0,0.0,0.0,0.0,0.0,0.72
517,0.0,1.09,1.4900000000000002,0.0,0.0,0.0,0.0,0.0,0.09000000000000001
518,0.0,0.0,2.1799999999999997,0.0,0.0,0.0,0.0,0.0,0.52
519,0.0,0.0,1.54,0.0,0.0,0.0,0.0,0.0,0.22
520,1.8199999999999998,0.09,1.8199999999999998,0.0,0.0,0.0,0.0,0.0,0.03
521,0.0,0.0,2.63,0.0,0.0,0.0,0.0,0.0,0.9800000000000001
522,0.0,0.0,1.73,0.0,0.0,0.0,0.0,0.0,0.03
523,0.0,0.23,2.75,0.0,0.0,0.0,0.0,0.0,0.07999999999999999
524,0.0,0.0,1.6400000000000001,0.0,0.0,0.0,0.0,0.0,0.64
525,0.0,0.0,16.82,0.0,0.0,0.0,0.0,0.0,0.0
526,0.0,0.0,16.84,0.0,0.0,0.0,0.0,0.0,0.43
527,0.0,0.0,2.0199999999999996,0.0,0.0,0.0,0.0,0.0,0.4700000000000001
528,0.0,0.0,5.11,0.0,0.0,0.0,0.0,0.0,0.3
529,0.0,0.0,0.0,0.0,0.0,0.0,0.0,0.0,0.21
530,0.0,0.0,1.6099999999999999,0.0,0.0,0.0,0.0,0.0,0.1
531,0.3,0.12,1.56,0.0,0.0,0.0,0.0,0.0,0.03
532,0.0,1.9500000000000002,1.63,0.0,0.0,0.0,0.0,0.0,0.24000000000000002
533,0.0,0.33999999999999997,1.8,0.0,0.0,0.0,0.0,0.0,0.43000000000000005
534,1.82,0.0,4.04,0.0,0.0,0.0,0.0,0.0,0.03
535,2.9699999999999998,0.0,2.0700000000000003,0.0,0.0,0.0,0.0,0.0,0.01
536,3.02,0.0,0.0,0.0,0.0,0.0,0.0,0.0,0.0
537,2.71,0.0,0.28,0.0,0.0,0.0,0.0,0.0,0.07
538,2.900000000000001,0.0,0.0,0.0,0.0,0.0,0.0,0.0,0.0
539,2.99,0.0,2.59,0.0,0.0,0.0,0.0,0.0,0.0
540,0.0,0.0,2.4800000000000004,0.0,0.0,0.0,0.0,0.0,0.12
541,2.7199999999999998,0.0,0.0,0.0,0.0,0.0,0.0,0.0,0.01
542,0.0,0.0,0.6,0.0,0.0,0.0,0.0,0.0,0.0
543,0.22000000000000003,0.0,0.0,0.0,0.0,0.0,0.0,0.0,0.060000000000000005
544,2.25,0.0,0.0,0.0,0.0,0.0,0.0,0.0,0.0
545,2.4400000000000004,0.0,0.0,0.0,0.0,0.0,0.0,0.0,0.0
546,2.5,0.0,0.0,0.0,0.0,0.0,0.0,0.0,0.05
547,4.15,0.0,0.0,0.0,0.0,0.0,0.0,0.0,0.0
548,3.3600000000000003,0.0,0.0,0.0,0.0,0.0,0.0,0.0,0.01
549,0.0,0.0,2.28,0.0,0.0,0.0,0.0,0.0,0.0
550,0.0,0.0,28.47,0.0,0.0,0.0,0.0,0.0,0.04
551,0.14,0.0,0.0,0.0,0.0,0.0,0.0,0.0,0.01
552,0.0,0.0,0.32,0.0,0.0,0.0,0.0,0.0,0.0
553,0.0,0.0,1.55,0.0,0.0,0.0,0.0,0.0,0.14
554,0.0,0.0,0.0,0.0,0.0,0.0,0.0,0.0,0.01
555,2.21,0.0,0.0,0.0,0.0,0.0,0.0,0.0,0.01
556,0.0,0.0,7.27,0.0,0.0,0.0,0.0,0.0,0.13999999999999999
557,0.0,1.29,1.89,0.0,0.0,0.0,0.0,0.0,0.09
558,0.0,2.3,2.16,0.0,0.0,0.0,0.0,0.0,0.19
559,0.0,1.12,1.39,0.0,0.0,0.0,0.0,0.0,0.12
560,0.0,2.3499999999999996,0.28,0.0,0.0,0.0,0.0,0.0,0.09999999999999999
561,0.0,0.0,6.220000000000001,0.0,0.0,0.0,0.0,0.0,0.0
562,0.0,1.12,1.29,0.0,0.0,0.0,0.0,0.0,0.29000000000000004
563,0.0,0.0,0.53,0.0,0.0,0.0,6.33,0.0,0.02
564,0.0,0.0,4.41,0.0,0.0,0.0,0.0,0.0,0.0
565,0.0,0.0,0.0,0.0,0.0,0.0,0.0,0.0,0.01
566,0.0,0.0,1.27,0.0,0.0,0.0,0.0,0.0,0.08
567,0.0,0.0,34.35,0.0,0.0,0.0,0.0,0.0,0.0
568,0.0,0.0,22.09,0.0,0.0,0.0,0.0,0.0,0.0
569,0.0,0.0,12.33,0.0,0.0,0.0,0.0,0.0,0.0
570,0.29000000000000004,0.0,3.17,0.0,0.0,0.0,0.0,0.0,0.02
571,0.0,0.0,35.75,0.0,0.0,0.0,0.0,0.0,0.05
572,0.0,0.0,0.5,0.0,0.0,0.0,0.0,0.0,0.02
573,0.64,0.0,0.5800000000000001,0.0,0.0,0.0,0.0,0.0,0.05
574,0.9199999999999999,0.0,2.98,0.0,0.0,0.0,0.0,0.0,0.14
575,0.0,0.0,12.52,0.0,0.0,0.0,0.0,0.0,0.0
576,0.4,0.0,0.0,0.0,0.0,0.0,0.0,0.0,0.07
577,0.30000000000000004,0.0,0.0,0.0,0.0,0.0,0.0,0.0,0.07
578,0.0,0.0,14.4,0.0,0.0,0.0,0.0,0.0,0.0
579,0.0,0.0,22.35,0.0,0.0,0.0,0.0,0.0,0.0
580,0.0,0.0,20.73,0.0,0.0,0.0,0.0,0.0,0.0
581,0.0,0.0,1.0699999999999998,0.0,0.0,0.0,0.0,0.0,0.02
582,0.0,0.0,1.51,0.0,0.0,0.0,0.0,0.0,0.02
583,0.0,0.0,2.35,0.0,0.0,0.0,0.0,0.0,0.03
584,0.0,0.0,2.79,0.0,0.0,0.0,0.0,0.0,0.03
585,0.0,0.0,2.8099999999999996,0.0,0.0,0.0,0.0,0.0,0.02
586,0.0,0.0,2.71,0.0,0.0,0.0,0.0,0.0,0.23
587,0.0,0.0,2.34,0.0,0.0,0.0,0.0,0.0,0.03
588,0.0,0.0,0.0,0.0,0.0,0.0,0.0,0.0,0.19
589,0.0,0.0,3.58,0.0,0.0,0.0,0.0,0.0,0.33
590,0.0,0.0,3.7199999999999998,0.0,0.0,0.0,0.0,0.0,0.01
591,0.0,0.0,3.33,0.0,0.0,0.0,0.0,0.0,0.24
592,0.0,0.0,2.7199999999999998,0.0,0.0,0.0,0.0,0.0,0.07
593,0.0,0.0,2.66,0.0,0.0,0.0,0.0,0.0,0.02
594,3.4000000000000004,0.0,0.0,0.0,0.0,0.0,0.0,0.0,0.36
595,0.95,0.0,0.24,0.0,0.0,0.0,0.0,0.0,0.42000000000000004
596,0.0,0.0,0.0,0.0,0.0,0.0,9.7,0.0,0.06
597,2.63,0.0,0.0,0.0,0.0,0.0,0.0,0.0,0.33999999999999997
598,0.0,0.0,1.6600000000000001,0.0,0.0,0.0,0.0,0.0,0.15000000000000002
599,0.0,0.0,0.39000000000000007,0.0,0.0,0.0,0.0,0.0,0.09999999999999999
600,0.0,0.0,2.77,0.0,0.0,0.0,0.0,0.0,0.0
601,0.0,0.0,0.16999999999999998,0.0,0.0,0.0,0.0,0.0,0.02
602,0.0,0.0,0.0,0.0,0.0,0.0,0.0,0.0,0.48000000000000004
603,0.5700000000000001,0.0,0.0,0.0,0.0,0.0,0.0,0.0,0.12
604,0.0,0.0,1.9900000000000002,0.0,0.0,0.0,0.0,0.0,0.26
605,0.45999999999999996,0.0,0.78,0.0,0.0,0.0,0.0,0.0,0.16999999999999998
606,2.54,0.0,0.0,0.0,0.0,0.0,0.0,0.0,0.03
607,0.0,0.0,1.77,0.0,0.0,0.0,0.0,0.0,0.0
608,0.0,0.0,0.0,0.0,0.0,0.0,0.0,0.0,0.36
609,0.0,0.0,2.18,0.0,0.0,0.0,0.0,0.0,0.54
610,0.48,0.0,0.25,0.0,0.0,0.0,0.0,0.0,0.03
611,0.0,0.0,0.0,0.0,0.0,0.0,0.0,75.31,0.07
612,0.0,0.0,0.0,0.0,0.0,0.0,15.0,0.0,0.07
613,0.0,0.0,0.0,0.0,0.0,0.0,0.0,0.0,0.19
614,0.51,0.0,1.98,0.0,0.0,0.0,0.0,0.0,0.03
615,0.0,0.0,7.16,0.0,0.0,0.0,0.0,0.0,0.03
616,0.0,0.0,1.86,0.0,0.0,0.0,0.0,0.0,0.4
617,0.0,0.0,0.0,0.0,0.0,0.0,0.0,0.0,0.21000000000000002
618,0.0,0.0,0.93,0.0,0.0,0.0,0.0,0.0,0.6500000000000001
619,0.0,2.3400000000000003,0.0,0.0,0.0,0.0,0.0,0.0,0.21000000000000002
620,0.0,0.0,0.0,0.0,0.0,0.0,0.0,0.0,0.11
621,0.0,0.0,0.0,0.0,0.0,0.0,0.0,0.0,0.36
622,0.0,0.0,0.0,0.0,0.0,0.0,0.0,0.0,0.34
623,0.0,2.4499999999999997,0.37,0.0,0.0,0.0,0.0,0.0,0.43000000000000005
624,0.0,5.13,3.45,0.0,0.0,0.0,0.0,0.0,0.8300000000000001
625,0.0,0.13,1.1800000000000002,0.0,0.0,0.0,0.0,0.0,0.51
626,0.0,0.28,0.23,0.0,0.0,0.0,0.0,0.0,1.0899999999999999
627,0.0,0.9099999999999999,0.27,0.0,0.25,0.0,0.0,0.0,0.5
628,0.0,0.9099999999999999,1.48,0.0,0.0,0.0,0.0,0.0,0.43000000000000005
629,0.0,0.0,0.0,0.0,0.0,0.0,0.0,0.0,0.22
630,0.0,0.35,5.930000000000001,0.0,0.0,0.0,0.0,0.0,0.5800000000000001
631,0.0,0.0,0.0,0.0,0.0,0.0,0.0,0.0,0.19
632,0.0,0.0,4.27,0.0,0.0,0.0,0.0,0.0,0.02
633,0.0,0.0,0.0,0.0,0.0,0.0,0.0,0.0,0.21000000000000002
634,0.0,0.26,2.06,0.0,0.0,0.0,0.0,0.0,1.16
635,0.0,0.0,0.0,0.0,0.0,0.0,0.0,0.0,0.01
636,0.0,0.0,2.8099999999999996,0.0,0.0,0.0,0.0,0.0,0.30000000000000004
637,0.0,0.08,2.07,0.0,0.0,0.0,0.0,0.0,0.89
638,0.0,0.94,1.9500000000000002,0.0,0.0,0.0,0.0,0.0,1.2000000000000002
639,0.0,0.0,1.76,0.0,0.0,0.0,0.0,0.0,1.13
640,0.0,0.0,3.08,0.0,0.0,0.0,0.0,0.0,0.08
641,0.27,0.0,0.07,0.0,0.0,0.0,0.0,0.0,1.3900000000000001
642,0.0,1.08,0.0,0.0,0.0,0.0,0.0,0.0,0.6100000000000001
643,0.0,0.0,0.0,0.0,0.0,0.0,0.0,0.0,0.16999999999999998
644,0.0,0.0,0.0,0.0,0.0,0.0,0.0,0.0,0.36
645,0.0,0.0,0.0,0.0,0.0,0.0,0.0,0.0,0.25
646,0.0,0.0,1.5,0.0,0.0,0.0,0.0,0.0,0.41000000000000003
647,0.0,0.28,0.66,0.0,0.0,0.0,0.0,0.0,0.14
648,0.0,2.9099999999999997,2.57,0.0,0.0,0.0,0.0,0.0,0.49000000000000005
649,0.0,2.64,2.74,0.0,0.08,0.0,0.0,0.0,0.26
650,0.0,5.720000000000001,0.0,0.0,0.0,0.0,0.0,0.0,0.07
651,0.0,2.6599999999999997,1.2200000000000002,0.0,0.0,0.0,0.0,0.0,0.38
652,0.0,5.46,0.0,0.0,0.0,0.0,12.21,0.0,0.13999999999999999
653,0.0,2.06,2.16,0.0,0.0,0.0,0.0,0.0,0.34
654,0.0,3.79,0.0,0.0,0.0,0.0,0.0,0.0,0.14
655,0.0,0.0,4.65,0.0,0.0,0.0,0.0,0.0,0.13
656,0.0,0.0,3.91,0.0,0.0,0.0,0.0,0.0,0.5800000000000001
657,0.0,2.8099999999999996,2.66,0.0,0.0,0.0,0.0,0.0,0.8999999999999999
658,0.0,0.0,0.0,0.42000000000000004,0.0,0.0,0.0,0.0,0.13
659,0.24,0.0,1.3900000000000001,0.0,0.0,0.0,0.0,0.0,0.04
660,0.18,0.0,1.07,0.0,0.0,0.0,0.0,0.0,0.24
661,0.0,0.25,0.0,0.0,0.0,0.0,0.0,5.71,0.03
662,0.18,0.0,0.0,0.0,0.0,0.0,0.0,0.0,0.05
663,0.08,0.35,10.26,0.0,0.0,0.0,0.0,0.0,0.15000000000000002
664,0.0,0.0,9.309999999999999,0.45999999999999996,0.0,0.0,0.0,0.0,0.06
665,0.32,0.0,8.37,0.0,0.0,0.0,0.0,0.0,0.12
666,0.0,0.14,0.0,0.11,0.0,0.0,0.0,0.0,0.15000000000000002
667,0.0,0.0,6.77,0.0,0.0,0.0,0.0,0.0,0.0
668,0.39,0.0,0.0,0.0,0.0,0.0,0.0,0.0,0.13
669,0.39,0.0,0.0,0.0,0.0,0.0,0.0,0.0,0.25
670,0.0,0.0,0.0,0.44,0.0,0.0,0.0,0.0,0.15000000000000002
671,0.0,0.0,0.0,0.22,0.0,0.0,0.0,0.0,0.54
672,0.0,0.0,0.0,0.38,0.0,0.0,0.0,0.0,0.16
673,0.0,0.0,33.76,0.0,0.0,0.0,0.0,0.0,0.05
674,0.24,0.0,0.38,0.0,0.0,0.0,0.0,0.0,0.02
675,0.38,0.0,0.0,0.0,0.0,0.0,0.0,0.0,0.13
676,0.42000000000000004,0.15,0.0,0.0,0.0,0.0,0.0,0.0,0.24
677,0.0,0.0,0.23,0.0,0.0,0.0,0.0,0.0,0.2
678,0.0,0.25,0.0,0.0,0.0,0.0,0.0,6.05,0.04
679,0.0,0.0,3.06,0.0,2.86,0.0,0.0,0.0,0.8300000000000002
680,0.0,3.45,0.0,0.0,2.77,0.0,0.0,0.0,0.51
681,0.0,0.08,6.199999999999999,0.0,0.0,0.0,0.0,0.0,0.37
682,0.0,6.32,0.0,0.0,0.0,0.0,0.0,0.0,0.45000000000000007
683,0.0,6.16,0.0,0.0,0.0,0.0,0.0,0.0,0.47000000000000003
684,0.0,0.38,0.0,0.0,0.0,0.0,0.0,0.0,0.8
685,0.0,0.0,2.07,0.0,0.0,0.0,0.0,0.0,0.23
686,0.0,0.0,0.0,0.0,0.0,0.0,0.0,0.0,0.5900000000000001
687,0.0,0.0,0.0,0.0,0.0,0.0,0.0,0.0,0.8300000000000001
688,0.0,0.0,0.0,0.0,0.0,0.0,0.0,0.0,0.26
689,0.0,0.11,3.1999999999999997,0.0,0.0,0.0,0.0,0.0,0.03
690,0.0,0.0,0.0,0.0,0.0,0.0,0.0,0.0,0.58
691,0.0,0.36,0.85,0.0,0.0,0.0,0.0,0.0,0.03
692,0.0,0.1,1.57,0.0,0.0,0.0,0.0,0.0,0.03
693,0.0,0.16,10.350000000000001,0.0,0.0,0.0,0.0,0.0,0.33
694,0.0,0.0,0.0,0.0,0.0,0.0,0.0,0.0,0.44
695,0.0,0.0,0.0,0.0,0.0,0.0,0.0,0.0,0.55
696,0.0,0.0,0.26,0.0,0.0,0.0,0.0,0.0,0.38
697,0.0,0.0,1.54,0.0,0.0,0.0,0.0,0.0,0.0
698,0.43,0.0,0.0,0.0,0.0,0.0,0.0,0.0,0.12
699,0.0,0.0,0.0,0.0,0.0,0.0,0.0,0.0,0.53
700,0.57,0.0,0.0,0.0,0.0,0.0,0.0,0.0,0.01
701,0.0,0.0,23.26,0.0,0.0,0.0,0.0,0.0,0.28
702,0.0,0.0,1.58,0.0,0.0,0.0,0.0,0.0,0.65
703,0.0,0.0,0.8400000000000001,0.0,0.0,0.0,0.0,0.0,0.09999999999999999
704,0.0,0.04,0.39,0.0,0.0,0.0,0.0,0.0,0.38
705,0.0,0.0,1.3599999999999999,0.0,0.0,0.0,0.0,0.0,0.51
706,0.0,0.0,0.0,0.0,0.0,0.0,0.0,0.0,0.55
707,0.0,0.0,2.2800000000000002,0.0,0.0,0.0,0.0,0.0,0.8300000000000001
708,0.0,0.0,0.14,0.0,0.0,0.0,0.0,0.0,0.0
709,0.0,0.0,0.0,0.0,0.0,0.0,0.0,0.0,0.1
710,0.0,0.0,0.0,0.0,0.0,0.0,0.0,0.0,0.9700000000000001
711,0.0,0.0,1.29,0.0,0.0,0.0,0.0,0.0,0.72
712,0.0,0.0,0.0,0.0,0.0,0.0,27.509999999999998,0.0,0.12000000000000001
713,0.0,3.6399999999999997,0.0,0.0,0.0,0.0,1.34,0.0,0.32
714,0.0,0.0,0.0,0.0,0.0,0.0,0.0,0.0,0.31000000000000005
715,0.0,0.0,0.0,0.0,0.0,0.0,16.46,0.0,0.39
716,0.0,0.44,0.0,0.0,0.0,0.0,0.0,0.0,0.33
717,0.0,0.49,0.0,0.0,0.0,0.0,0.0,0.0,0.5900000000000001
718,0.0,0.2,0.0,0.0,0.0,0.0,5.29,0.0,0.17
719,0.0,0.07,0.0,0.0,0.0,0.0,5.79,0.0,0.05
720,0.0,0.0,0.0,0.0,0.0,0.0,15.21,0.0,0.23
721,0.21,0.0,0.0,0.0,0.0,0.0,0.0,0.0,0.34
722,0.0,0.0,4.78,0.0,0.0,0.0,0.0,0.0,0.45
723,0.0,0.0,4.81,0.0,0.0,0.0,0.0,0.0,0.08
724,0.0,0.0,4.07,0.0,0.0,0.0,0.0,0.0,0.14
725,0.0,0.0,0.08,0.0,0.0,0.0,0.0,0.0,0.05
726,0.0,0.0,10.239999999999998,0.0,0.0,0.0,0.0,0.0,0.27
727,0.0,0.0,2.31,0.0,0.0,0.0,2.37,0.0,0.15000000000000002
728,0.0,0.0,4.53,0.0,0.0,0.0,0.0,0.0,0.06999999999999999
729,0.0,0.0,14.170000000000002,0.0,0.0,0.0,0.0,0.0,0.0
730,0.15,0.0,3.57,0.0,0.0,0.0,0.0,0.0,0.36
731,0.0,0.0,3.68,0.0,0.0,0.0,0.0,0.0,0.01
732,0.0,0.0,2.4699999999999998,0.0,0.0,0.0,0.0,0.0,0.0
733,0.0,0.0,0.0,0.0,0.0,0.0,0.0,0.0,0.12
734,0.0,0.0,2.89,0.0,0.0,0.0,0.0,0.0,0.0
735,0.0,0.0,3.8400000000000003,0.0,0.0,0.0,0.0,0.0,0.37
736,0.0,0.0,5.78,0.0,0.0,0.0,0.0,0.0,0.26
737,0.0,0.0,3.8499999999999996,0.0,0.0,0.0,0.0,0.0,0.01
738,0.0,0.0,10.049999999999999,0.0,0.0,0.0,0.0,0.0,0.36
739,0.0,0.0,7.580000000000001,0.0,0.0,0.0,0.0,0.0,0.14
740,0.0,0.0,3.37,0.0,0.0,0.0,0.0,0.0,0.17
741,0.0,0.0,3.13,0.0,0.0,0.0,0.0,0.0,0.5800000000000001
742,0.0,0.0,5.53,0.0,0.0,0.0,0.0,0.0,0.34
743,0.0,0.0,3.26,0.0,0.0,0.0,0.0,0.0,0.22000000000000003
744,0.0,0.0,1.61,0.0,0.0,0.0,0.0,0.0,0.0
745,0.0,0.0,2.54,0.0,0.0,0.0,0.0,0.0,0.0
746,0.0,0.0,13.129999999999999,0.0,0.0,0.0,0.74,0.0,0.27
747,0.0,0.0,5.239999999999999,0.0,0.0,0.0,0.0,0.0,0.08
748,0.0,0.0,2.6100000000000003,0.0,0.0,0.0,0.0,0.0,0.01
749,0.0,0.0,11.37,0.0,0.0,0.0,0.0,0.0,0.01
750,0.0,0.0,5.18,0.0,0.0,0.0,0.0,0.0,0.02
751,0.0,0.0,3.45,0.0,0.0,0.0,0.0,0.0,0.01
752,0.0,0.0,21.07,0.0,0.0,0.0,0.0,0.0,0.13999999999999999
753,0.0,0.0,0.0,0.0,0.0,0.0,12.73,0.0,0.5
754,0.0,0.0,0.0,0.0,0.0,0.0,5.39,0.0,0.2
755,0.0,0.0,0.0,0.0,0.0,0.0,0.0,0.0,0.86
756,0.0,0.0,4.44,0.0,0.0,0.0,0.0,0.0,0.67
757,0.0,0.0,0.0,0.0,0.0,0.0,0.0,0.0,0.5900000000000001
758,0.0,0.0,0.0,0.0,0.0,0.0,5.56,0.0,0.17
759,0.0,0.0,0.0,0.0,0.0,0.0,5.8,0.0,0.16
760,0.0,0.0,0.0,0.0,0.0,0.0,0.0,0.0,0.62
761,0.0,0.0,0.0,0.0,0.0,0.0,0.0,0.0,0.83
762,0.0,0.0,0.0,0.0,0.0,0.0,0.0,0.0,0.73
763,0.0,0.0,0.0,0.0,0.0,0.0,0.0,0.0,0.68
764,0.0,0.0,7.12,0.0,0.0,0.0,0.0,0.0,0.09
765,0.0,0.0,0.0,0.0,0.0,0.0,6.15,0.0,0.16
766,0.0,0.0,0.0,0.0,0.0,0.0,0.0,0.0,0.61
767,0.0,0.0,0.0,0.0,0.0,0.0,0.0,0.0,1.2600000000000002
768,0.0,0.0,0.0,0.0,0.0,0.0,0.0,0.0,0.58
769,0.0,1.4999999999999998,1.0,0.0,0.0,0.0,0.0,0.0,0.36000000000000004
770,0.0,0.2,2.33,0.0,0.0,0.0,0.0,0.0,0.32000000000000006
771,0.0,2.37,0.0,0.0,0.0,0.0,0.0,0.0,0.2
772,0.0,3.82,1.53,0.0,0.0,0.0,0.0,0.0,0.23
773,0.0,1.2899999999999998,1.18,0.0,0.0,0.0,0.0,0.0,0.22
774,0.0,0.0,2.39,0.0,0.0,0.0,0.0,0.0,0.01
775,0.0,0.0,5.36,0.0,0.0,0.0,0.0,0.0,0.3400000000000001
776,0.0,0.0,2.95,0.0,0.0,0.0,0.0,0.0,0.03
777,0.0,0.0,2.85,0.0,0.0,0.0,0.0,0.0,0.39
778,0.0,0.0,5.570000000000001,0.0,0.0,0.0,0.0,0.0,0.0
779,0.33,0.0,0.0,0.0,0.0,0.0,0.0,0.0,0.26
780,0.0,0.0,0.6000000000000001,0.0,0.0,0.0,0.0,0.0,0.02
781,0.32,0.0,2.18,0.0,0.0,0.0,0.0,0.0,0.18000000000000002
782,0.0,0.0,0.33,0.0,0.0,0.0,0.0,0.0,0.03
783,0.32,0.0,0.0,0.0,0.0,0.0,0.0,0.0,0.02
784,0.31,0.0,0.0,0.0,0.0,0.0,0.0,0.0,0.03
785,0.0,0.0,1.06,0.0,0.0,0.0,0.0,0.0,0.1
786,0.0,0.0,13.659999999999998,0.0,0.0,0.0,0.0,0.0,0.87
787,0.3,0.0,14.27,0.0,0.0,0.0,0.0,0.0,0.08
788,0.45,0.0,2.7399999999999998,0.0,0.0,0.0,0.0,0.0,0.09
789,0.0,0.0,0.59,0.0,0.0,0.0,0.0,0.0,0.06
790,0.62,0.0,0.0,0.0,0.0,0.0,0.0,0.0,0.29
791,0.0,0.0,3.7,0.0,0.0,0.0,0.0,0.0,0.06
792,0.0,0.0,30.77,0.0,0.0,0.0,0.0,0.0,0.17
793,0.61,0.0,0.0,0.0,0.0,0.0,0.0,0.0,0.22
794,0.54,0.0,0.9,0.0,0.0,0.0,0.0,0.0,0.33
795,0.0,0.0,0.95,0.0,0.0,0.0,0.0,0.0,0.1
796,0.31,0.0,0.0,0.0,0.0,0.0,0.0,0.0,0.31
797,0.0,0.0,1.16,0.0,0.0,0.0,0.0,0.0,0.0
798,0.0,0.0,3.29,0.0,0.0,0.0,0.0,0.0,0.16000000000000003
799,0.0,5.05,0.0,0.0,0.0,0.0,0.0,0.0,0.27999999999999997
800,0.0,0.0,4.05,0.0,0.0,0.0,0.0,0.0,0.09000000000000001
801,0.0,0.0,4.3,0.0,0.0,0.0,0.0,0.0,0.08
802,0.0,0.0,5.07,0.0,0.0,0.0,0.0,0.0,0.5800000000000001
803,0.0,1.84,0.13,0.0,0.0,0.0,0.0,0.0,0.0
804,0.0,0.0,2.6799999999999997,0.0,0.0,0.0,0.0,0.0,0.13999999999999999
805,0.0,0.0,0.5,0.0,0.0,0.0,0.0,0.0,0.25
806,0.64,0.0,0.0,0.0,0.0,0.0,0.0,0.0,0.12000000000000001
807,0.0,0.0,1.22,0.0,0.0,0.0,0.0,0.0,0.07
808,0.0,0.0,6.66,0.0,0.0,0.0,0.0,0.0,0.21
809,0.0,0.0,3.76,0.0,0.0,0.0,0.0,0.0,0.19
810,0.0,0.0,0.98,0.0,0.0,0.0,0.0,0.0,0.19
811,0.14,0.31,0.19,0.0,0.0,0.0,0.0,0.0,0.0
812,0.66,0.0,0.0,0.0,0.0,0.0,0.0,0.0,0.11
813,0.65,0.0,0.0,0.0,0.0,0.0,0.0,0.0,0.1
814,0.67,0.0,0.0,0.0,0.0,0.0,0.0,0.0,0.14
815,0.62,0.0,0.0,0.0,0.0,0.0,0.0,0.0,0.05
816,0.64,0.0,0.0,0.0,0.0,0.0,0.0,0.0,0.17
817,1.4300000000000002,0.0,1.46,0.0,0.0,0.0,0.0,0.0,0.15000000000000002
818,0.19,0.0,0.0,0.0,0.0,0.0,0.0,0.0,0.0
819,0.0,0.0,0.7,0.0,0.0,0.0,0.0,0.0,0.05
820,0.0,0.0,0.69,0.0,0.0,0.0,0.0,0.0,0.06
821,0.0,0.0,0.6799999999999999,0.0,0.0,0.0,0.0,0.0,0.06
822,0.0,0.0,1.21,0.0,0.0,0.0,0.0,0.0,0.2
823,0.0,0.0,0.0,0.0,0.0,0.0,0.0,0.0,0.8599999999999999
824,0.0,0.0,3.22,0.0,0.0,0.0,0.0,0.0,0.02
825,0.0,0.28,0.0,0.0,0.0,0.0,0.0,0.0,0.54
826,0.0,0.0,1.6,0.0,0.0,0.0,0.0,0.0,0.23
827,0.0,0.64,0.0,0.0,0.0,0.0,0.0,0.0,0.5700000000000001
828,0.0,0.0,1.27,0.0,0.0,0.0,0.0,0.0,0.05
829,0.0,0.0,1.6600000000000001,0.0,0.0,0.0,0.0,0.0,0.01
830,0.0,0.0,0.8799999999999999,0.0,0.0,0.0,0.0,0.0,0.19
831,0.0,0.33,0.0,0.0,0.0,0.0,0.0,0.0,0.84
832,0.05,0.0,0.0,0.0,0.0,0.0,0.0,0.0,1.1300000000000001
833,0.0,0.0,2.81,0.0,0.0,0.0,0.0,0.0,0.35
834,0.0,0.0,3.34,0.0,0.0,0.0,0.0,0.0,0.5700000000000001
835,0.0,0.0,0.44,0.0,0.0,0.0,0.0,0.0,0.3
836,0.0,0.0,12.24,0.0,0.0,0.0,0.0,0.0,0.0
837,0.0,0.0,12.52,0.0,0.0,0.0,0.0,0.0,0.0
838,0.0,0.0,1.6099999999999999,0.0,0.0,0.0,0.0,0.0,0.29000000000000004
839,1.63,0.0,0.0,0.0,0.0,0.0,0.0,0.0,0.11000000000000001
840,0.88,0.0,0.9299999999999999,0.0,0.0,0.0,0.0,0.0,0.6900000000000002
841,1.62,0.2,0.19,0.0,0.0,0.0,0.0,0.0,0.4
842,1.33,0.0,1.24,0.0,0.0,0.0,0.0,0.0,0.73
843,0.24,0.17,0.5900000000000001,0.0,0.0,0.0,0.0,0.0,0.0
844,1.08,0.0,0.0,0.0,0.0,0.0,0.0,0.0,0.62
845,0.71,0.0,0.36,0.0,0.0,0.0,0.0,0.0,0.0
846,0.0,0.0,0.0,0.0,0.09,0.0,9.36,0.0,0.19
847,0.0,0.0,1.6400000000000001,0.0,0.0,0.0,0.0,0.0,0.03
848,0.37,0.0,13.58,0.0,0.0,0.0,0.0,0.0,0.11
849,0.47,0.0,0.61,0.0,0.0,0.0,0.0,0.0,0.38
850,1.05,0.0,0.0,0.0,0.0,0.0,0.0,0.0,0.52
851,0.9700000000000001,0.27,18.05,0.0,0.0,0.0,0.0,0.0,0.15
852,0.0,0.0,0.0,0.0,0.0,0.0,0.0,0.0,0.99
853,0.79,0.0,8.42,0.0,0.0,0.0,0.0,0.0,0.03
854,0.24,0.13,40.199999999999996,0.0,0.0,0.0,0.0,0.0,0.060000000000000005
855,0.48,0.0,17.09,0.0,0.0,0.0,0.0,0.0,0.37
856,0.0,0.0,2.22,0.0,0.0,0.0,0.0,0.0,0.12
857,0.0,0.0,9.92,0.0,0.0,0.0,0.0,0.0,0.01
858,0.0,0.0,4.7,0.0,0.0,0.0,0.0,0.0,0.0
859,0.0,0.0,2.61,0.0,0.0,0.0,0.0,0.0,0.03
860,0.0,0.0,20.69,0.0,0.0,0.0,0.0,0.0,0.0
861,0.0,0.0,2.52,0.0,0.0,0.0,0.0,0.0,0.01
862,0.0,0.0,17.94,0.0,0.0,0.0,0.0,0.0,0.25
863,0.0,0.0,0.0,0.0,0.0,0.0,0.0,0.0,0.23
864,0.0,0.0,17.92,0.0,0.0,0.0,0.0,0.0,0.24
865,0.0,0.0,4.3500000000000005,0.0,0.0,0.0,0.0,0.0,0.03
866,0.0,0.0,0.0,0.0,0.0,0.0,0.0,0.0,0.2
867,0.0,0.0,0.13,0.0,0.0,0.0,0.0,0.0,0.12
868,0.0,0.06,0.7999999999999999,0.0,0.0,0.0,0.0,0.0,0.06
869,0.0,0.0,0.0,0.0,0.0,0.0,0.0,0.0,0.48
870,0.0,0.0,1.8,0.0,0.0,0.0,0.0,0.0,0.47
871,0.0,0.0,1.07,0.0,0.0,0.0,0.0,0.0,0.3
872,0.0,0.0,48.010000000000005,0.0,0.0,0.0,0.0,0.0,0.1
873,0.0,0.0,0.0,0.0,0.0,0.0,0.0,0.0,0.07
874,0.0,0.0,16.09,0.0,0.0,0.0,0.0,0.0,0.24
875,0.0,0.0,6.170000000000001,0.0,0.0,0.0,0.0,0.0,0.02
876,0.0,0.0,0.0,0.0,0.0,0.0,0.0,0.0,0.5700000000000001
877,0.0,0.0,0.0,0.0,0.0,0.0,0.0,0.0,0.18
878,0.0,0.0,0.21,0.0,0.0,0.0,0.0,0.0,0.37
879,0.0,0.0,47.54,0.0,0.0,0.0,0.0,0.0,0.0
880,0.0,0.0,0.0,0.0,0.0,0.0,0.0,0.0,0.30000000000000004
881,0.0,0.0,0.0,0.0,0.0,0.0,0.0,0.0,0.33999999999999997
882,0.0,0.0,0.41000000000000003,0.0,0.0,0.0,0.0,0.0,0.04
883,0.0,0.0,0.0,0.0,0.0,0.0,0.0,0.0,0.27
884,0.0,0.0,0.0,0.0,0.0,0.0,0.0,0.0,0.03
885,0.0,0.0,0.0,0.0,0.0,0.0,0.0,0.0,0.02
886,0.0,0.0,0.0,0.0,0.0,0.0,0.0,0.0,0.05
887,0.0,0.0,1.79,0.0,0.0,0.0,0.0,0.0,0.02
888,0.0,0.0,0.1,0.0,0.0,0.0,0.0,0.0,0.04
889,0.0,0.0,0.43,0.0,0.0,0.0,0.0,0.0,0.0
890,0.0,0.0,0.07,0.0,0.0,0.0,0.0,0.0,0.05
891,0.0,0.0,2.36,0.0,0.0,0.0,0.0,0.0,0.09000000000000001
892,0.0,0.0,0.0,0.0,0.0,0.0,0.0,0.0,0.05
893,0.0,0.0,1.53,0.0,0.0,0.0,0.0,0.0,0.0
894,0.0,0.0,0.0,0.0,0.0,0.0,0.0,0.0,0.02
895,0.0,0.0,0.0,0.0,0.0,0.0,0.0,0.0,0.04
896,0.0,0.3,2.24,0.0,0.0,0.0,0.0,0.0,0.32
897,0.0,0.0,0.0,0.0,0.0,0.0,0.0,0.0,0.04
898,0.0,0.0,0.37,0.0,0.0,0.0,0.0,0.0,0.0
899,0.0,0.0,16.81,0.0,0.0,0.0,0.0,0.0,0.0
900,0.0,0.0,0.11,0.0,0.0,0.0,0.0,0.0,0.12
901,0.0,0.0,7.26,0.0,0.0,0.0,0.0,0.0,0.15000000000000002
902,0.0,0.0,0.0,0.0,0.0,0.0,0.0,0.0,0.1
903,0.0,0.08,7.9,0.0,0.0,0.0,0.0,0.0,0.13
904,0.0,0.0,0.63,0.0,0.0,0.0,0.0,0.0,0.04
905,0.0,0.0,0.0,0.0,0.0,0.0,0.0,0.0,0.64
906,0.0,0.37,0.0,0.0,0.0,0.0,0.0,0.0,1.36
907,0.0,0.0,19.599999999999998,0.0,0.0,0.0,0.0,0.0,0.05
908,0.0,0.13,5.5,0.0,0.0,0.0,0.0,0.0,0.36
909,0.0,0.0,1.98,0.0,0.0,0.0,0.0,0.0,0.06
910,0.0,0.87,0.0,0.0,0.0,0.0,0.0,0.0,0.17
911,0.0,0.0,0.0,0.0,0.0,0.0,0.0,0.0,0.24000000000000002
912,0.0,0.0,13.440000000000001,0.0,0.0,0.0,0.0,0.0,0.19999999999999998
913,0.0,0.0,13.3,0.0,0.0,0.0,0.0,0.0,0.03
914,0.0,0.0,0.0,0.0,0.0,0.0,0.0,0.0,0.02
915,0.0,0.0,13.47,0.0,0.0,0.0,0.0,0.0,0.02
916,0.0,1.22,0.58,0.0,0.0,0.0,0.0,0.0,0.05
917,0.0,0.0,2.7199999999999998,0.0,0.0,0.0,0.0,0.0,0.02
918,0.0,0.0,2.19,0.0,0.0,0.0,0.0,0.0,0.16
919,0.0,0.0,22.81,0.0,0.0,0.0,0.0,0.0,0.04
920,0.0,0.0,3.67,0.0,0.0,0.0,0.0,0.0,0.02
921,0.0,0.0,0.88,0.0,0.0,0.0,0.0,0.0,0.19000000000000003
922,0.0,0.0,3.26,0.0,0.0,0.0,0.0,0.0,0.01
923,0.0,1.6,0.0,0.0,0.0,0.0,0.0,0.0,0.24
924,0.0,1.6,0.0,0.0,0.0,0.0,0.0,0.0,0.18999999999999997
925,0.0,1.69,0.0,0.0,0.0,0.0,0.0,0.0,0.19
926,0.0,0.0,13.879999999999999,0.0,0.0,0.0,0.0,0.0,0.5
927,0.0,0.0,1.25,0.0,0.0,0.0,0.0,0.0,0.12
928,0.0,0.18,1.32,0.0,0.0,0.0,0.0,0.0,0.18000000000000002
929,0.0,0.0,1.34,0.0,0.0,0.0,0.0,0.0,0.04
930,0.0,0.1,2.3200000000000003,0.0,0.0,0.0,0.0,0.0,0.24000000000000002
931,0.0,0.41000000000000003,0.16,0.0,0.0,0.0,0.0,0.0,0.01
932,0.0,0.0,1.3599999999999999,0.0,0.0,0.0,0.0,0.0,0.1
933,0.0,0.0,1.55,0.0,0.0,0.0,0.0,0.0,0.06
934,0.0,0.0,2.5300000000000002,0.0,0.0,0.0,0.0,0.0,0.02
935,0.0,0.0,4.140000000000001,0.0,0.0,0.0,0.0,0.0,0.09999999999999999
936,0.0,0.0,2.54,0.0,0.0,0.0,0.0,0.0,0.01
937,0.0,0.0,3.6100000000000003,0.0,0.0,0.0,0.0,0.0,0.09000000000000001
938,0.0,0.0,3.81,0.0,0.0,0.0,0.0,0.0,0.0
939,0.0,0.0,0.0,0.0,0.0,0.0,10.67,0.0,0.30000000000000004
940,0.7100000000000001,0.0,0.0,0.0,0.0,0.0,0.0,0.0,0.06999999999999999
941,0.15,0.0,0.0,0.0,0.0,0.0,6.31,0.0,0.31
942,0.21,0.0,0.0,0.0,0.0,0.0,0.0,0.0,0.23
943,0.52,0.0,0.0,0.0,0.0,0.0,0.0,0.0,0.05
944,0.6,0.0,0.0,0.0,0.0,0.0,0.0,0.0,0.0
945,0.0,0.0,13.11,0.0,0.0,0.0,0.0,0.0,0.0
946,0.0,0.0,2.41,0.0,0.0,0.0,0.0,0.0,0.04
947,0.0,0.0,1.4899999999999998,0.0,0.0,0.0,0.0,0.0,0.07
948,0.0,0.0,3.7900000000000005,0.0,0.0,0.0,0.0,0.0,0.04
949,0.0,0.0,2.0,0.0,0.0,0.0,0.0,0.0,0.04
950,0.0,0.0,1.71,0.0,0.0,0.0,0.0,0.0,0.05
951,0.0,0.0,5.6000000000000005,0.0,0.0,0.0,0.0,0.0,0.08
952,0.0,0.0,1.52,0.0,0.0,0.0,0.0,0.0,0.08
953,0.0,0.53,1.1,0.0,0.0,0.0,0.0,0.0,0.12000000000000001
954,0.0,0.0,33.62,0.0,0.0,0.0,0.0,0.0,0.02
955,0.0,0.0,1.2,0.0,0.0,0.0,0.0,0.0,0.12
956,0.0,0.0,3.9299999999999997,0.0,0.0,0.0,0.0,0.0,0.25
957,0.89,0.0,0.0,0.0,0.0,0.0,0.0,0.0,0.24
958,0.72,0.0,0.0,0.0,0.0,0.0,0.0,0.0,0.0
959,0.53,0.0,0.0,0.0,0.0,0.0,0.0,0.0,0.31000000000000005
960,0.79,0.0,0.0,0.0,0.0,0.0,0.0,15.95,0.13
961,0.2,0.0,0.0,0.0,0.0,0.0,0.0,15.56,0.25
962,0.6799999999999999,0.0,0.0,0.0,0.0,0.0,0.0,0.0,0.08
963,0.0,0.53,0.0,0.0,0.0,0.0,0.0,0.0,0.49
964,0.0,0.47,6.37,0.0,0.0,0.0,0.0,0.0,0.41000000000000003
965,0.0,0.53,0.0,0.0,0.0,0.0,0.0,0.0,0.15000000000000002
966,0.0,0.42000000000000004,0.22,0.0,0.0,0.0,15.24,0.0,0.61
967,0.0,0.23,0.19,0.0,0.0,0.0,0.0,0.0,0.36
968,0.33999999999999997,0.0,0.0,0.0,0.0,0.0,0.0,0.0,0.51
969,0.42,0.0,0.0,0.0,0.0,0.0,0.0,12.45,0.30000000000000004
970,0.41000000000000003,0.0,0.0,0.0,0.0,0.0,0.0,0.0,0.22000000000000003
971,0.44,0.0,0.0,0.0,0.0,0.0,0.0,0.0,0.08
972,3.25,0.0,0.0,0.0,0.0,0.0,0.0,0.0,0.38
973,1.13,0.0,0.0,0.0,0.0,0.0,0.0,0.0,1.2300000000000002
974,0.3,0.0,0.0,0.0,0.0,0.0,0.0,0.0,1.24
975,0.0,0.0,3.6799999999999997,0.0,0.0,0.0,0.0,0.0,0.0
976,0.0,0.0,2.9699999999999998,0.0,0.0,0.0,0.0,0.0,0.15
977,0.0,0.0,1.37,0.0,0.0,0.0,0.0,0.0,0.38
978,0.0,0.0,3.38,0.0,0.0,0.0,0.0,0.0,0.13
979,0.0,0.0,6.2,0.0,0.0,0.0,0.0,0.0,0.6699999999999999
980,0.0,0.0,3.61,0.0,0.0,0.0,0.0,0.0,0.18
981,0.0,0.0,3.9299999999999997,0.0,0.0,0.0,0.0,0.0,0.16999999999999998
982,0.48,0.0,0.0,0.0,0.0,0.0,0.0,0.0,0.78
983,0.36,0.0,0.0,0.0,0.0,0.0,0.0,0.0,0.67
984,0.0,0.0,0.0,0.0,0.0,0.0,0.0,0.0,0.9099999999999999
985,0.44,0.0,0.0,0.0,0.0,0.0,0.0,0.0,0.7100000000000001
986,0.31,0.0,0.0,0.0,0.0,0.0,0.0,0.0,0.84
987,0.46,0.0,0.0,0.0,0.0,0.0,0.0,0.0,1.11
988,0.4,0.0,0.0,0.0,0.0,0.0,0.0,0.0,1.07
989,0.17,0.0,5.88,0.0,0.0,0.0,2.98,0.0,0.7200000000000002
990,0.0,0.0,0.0,0.0,7.62,0.0,0.0,0.0,0.26
991,0.94,0.0,0.0,0.0,0.0,0.0,0.0,0.0,0.48
992,0.52,0.0,0.0,0.0,0.0,0.0,0.0,0.0,0.03
993,0.6799999999999999,0.0,0.0,0.0,0.0,0.0,0.0,0.0,1.36
994,0.45,0.0,0.95,0.0,0.0,0.0,0.0,0.0,0.4600000000000001
995,0.41000000000000003,0.0,0.0,0.0,1.27,0.0,1.51,0.0,0.03
996,0.29000000000000004,0.0,0.12,0.0,1.21,0.0,0.0,0.0,0.03
997,0.0,0.0,0.0,0.0,0.0,0.0,0.0,0.0,0.73
998,0.52,0.34,27.05,0.0,0.0,0.0,0.0,0.0,0.18000000000000002
999,0.17,0.0,1.1,0.0,0.0,0.0,0.0,0.0,0.27
1000,0.32,0.0,0.0,0.0,0.0,0.0,0.0,0.0,0.7500000000000001
